id	화자	표정	표시	대사	대기	카메라	메모
5.s1.01	시우		속마음	봉투에도 무게가 있다.	0		
5.s1.02	시우		속마음	4만 원은 원래 얇은 돈이다.	0		
5.s1.03	시우		속마음	만 원짜리 넉 장이면 끝이니까.	0		
5.s1.04	시우		속마음	우리 집 4만 원은 두껍다.	0		
5.s1.05	시우		속마음	잘게 벌어서 그렇다.	0		
5.s2.01	시우		속마음	3월 17일, 화요일.	0		
5.s2.02	시우		속마음	새벽.	0		
5.s2.03	시우		속마음	와룡공원 쪽 마지막 오르막에서, 덩치 쪽을 안 봤다.	0		
5.s2.04	시우		속마음	원래도 안 본다.	0		
5.s2.05	시우		속마음	오늘은 안 보려고 작정하고 안 봤다.	0		
5.s2.06	시우		속마음	안 보는 데도 힘이 든다.	0		
5.s2.07	시우		속마음	허벅지만큼은 아니지만.	0		
5.s2.08	시우		속마음	탁, 탁, 탁.	0		
5.s2.09	시우		속마음	발소리가 나를 앞질렀다.	0		
5.s2.10	시우		속마음	어제 교실에서 정면으로 본 얼굴이\n지금 내 옆을 지나가고 있다.	0		
5.s2.11	시우		속마음	그 생각을 안 하려고 페달 수만 셌다.	0		
5.s2.12	시우		속마음	내리막에선 평소처럼 앞질렀다.	0		
5.s2.13	시우		속마음	1대1.	0		
5.s2.14	시우		속마음	세상이 아무 일 없었다는 듯 굴 때, 나도 그렇게 군다.	0		
5.s2.15	시우		속마음	그날 아침, 봉투 자리를 옮겼다.	0		
5.s2.16	시우		속마음	교과서 사이는 끝났다.	0		
5.s2.17	시우		속마음	가방도 끝났다.	0		
5.s2.18	시우		속마음	가방은 남이 열 수 있다.	0		
5.s2.19	시우		속마음	어제 배웠다.	0		
5.s2.20	시우		속마음	사촌 형이 물려준 한 치수 큰 교복\n재킷에는 장점이 딱 하나 있다.	0		
5.s2.21	시우		속마음	안주머니가 깊다.	0		
5.s2.22	시우		속마음	형 손에 맞춘 주머니라 내 손을 넣으면 손목까지 들어간다.	0		
5.s2.23	시우		속마음	봉투는 거기 넣고 단추까지 채웠다.	0		
5.s2.24	시우		속마음	학교에선 재킷 안주머니.	0		
5.s2.25	시우		속마음	국밥집에선 앞치마 안쪽.	0		
5.s2.26	시우		속마음	잘 때는 베개 밑.	0		
5.s2.27	시우		속마음	샤워할 땐 비닐봉지에 넣어 수건걸이에 걸었다.	0		
5.s2.28	?		자막	오빠. 씻는데 비닐봉지는 왜 들고 들어가?	0		
5.s2.29	?		자막	…비밀.	0		
5.s2.30	?		자막	매니저한테 비밀은 계약 위반이야.	0		
5.s2.31	시우		속마음	계약서는 본 적이 없다.	0		
5.s2.32	시우		속마음	근데 위반은 자꾸 한다.	0		
5.s3.01	시우		속마음	민재는 그날 이후로 손을 더 안 썼다.	0		
5.s3.02	시우		속마음	대신 머리를 썼다.	0		
5.s3.03	시우		속마음	강태오가 있는 데선 아무것도 안 한다.	0		
5.s3.04	시우		속마음	내 아침 우유는 여전히 없어진다.	0		
5.s3.05	시우		속마음	다만 반장이 보는 앞에서 없어진 적은 한 번도 없다.	0		
5.s3.06	시우		속마음	대신 신발장 앞에서, 매점 줄에서, 복도 모퉁이에서.	0		
5.s3.07	시우		속마음	반장이 없는 데서 민재는 나한테 인사를 한다.	0		
5.s3.08	민재		자막	하늘이 잘 있냐?	0		
5.s3.09	시우		속마음	그게 민재의 새 인사다.	0		
5.s3.10	시우		속마음	하루에 한 번, 안 빠지고.	0		
5.s3.11	시우		속마음	나는 대답 안 한다.	0		
5.s3.12	시우		속마음	그것도 안 빠지고.	0		
5.s3.13	시우		속마음	반 단톡방엔 아무것도 없었다.	0		
5.s3.14	시우		속마음	거긴 반장이 있으니까.	0		
5.s3.15	시우		속마음	민재는 강태오 시간표를 나보다 잘 안다.	0		
5.s3.16	시우		속마음	반장이 없는 방은 따로 있었다.	0		
5.s3.17	시우		속마음	복도에서 임찬 휴대폰 화면이 지나가다 보였다.	0		
5.s3.18	시우		속마음	'행인1 여친 하늘이 생일 D-30ㅋㅋㅋ'	0		
5.s3.19	시우		속마음	그 방에서 하늘이는 내 여자 친구가 돼 있었다.	0		
5.s3.20	시우		속마음	디데이까지 세 주고 있었다.	0		
5.s3.21	시우		속마음	우리 매니저보다 성실했다.	0		
5.s3.22	시우		속마음	정정할 수는 있다.	0		
5.s3.23	시우		속마음	걔 내 동생이야, 열한 살이야, 하고.	0		
5.s3.24	시우		속마음	그러려면 하늘이를 저 방에 꺼내 놔야 한다.	0		
5.s3.25	시우		속마음	하늘이 학교, 하늘이 얼굴, 하늘이 양갈래.	0		
5.s3.26	시우		속마음	민재는 그런 걸 찾아내는 데 재능이 있다.	0		
5.s3.27	시우		속마음	한국사를 그렇게 응용하는 놈이다.	0		
5.s3.28	시우		속마음	하늘이는 내 여자 친구로 두기로 했다.	0		
5.s3.29	시우		속마음	하늘이가 알면 계약 위반이라고 하겠지만.	0		
5.s3.30	시우		속마음	한 번은 매점 줄에서 민재가 지나가며\n내 재킷 가슴께를 손등으로 툭 쳤다.	0		
5.s3.31	시우		속마음	봉투가 있는 자리였다.	0		
5.s3.32	시우		속마음	민재는 그냥 친 거다.	0		
5.s3.33	시우		속마음	아마.	0		
5.s3.34	시우		속마음	그날 나는 소보로 셋을 왼팔에 안고,\n오른손은 왼쪽 가슴에 얹은 채로 뛰었다.	0		
5.s3.35	시우		속마음	국기에 대한 경례를 하면서 달리는 사람처럼.	0		
5.s3.36	시우		속마음	4월 초엔 사물함 문에 매직 글씨가 생겼다.	0		
5.s3.37	시우		속마음	'행인1♡하늘'.	0		
5.s3.38	시우		속마음	편의점 물티슈 한 통을 다 썼다.	0		
5.s3.39	시우		속마음	하늘이 이름을 내 손으로 지우는 건 기분이 이상했다.	0		
5.s3.40	시우		속마음	그래도 지웠다.	0		
5.s3.41	시우		속마음	하늘이 이름이 거기 적혀 있는 게 더 이상했다.	0		
5.s3.42	시우		속마음	4월 중순, 강태오가 춘계 대회\n때문에 이틀 학교를 빠졌다.	0		
5.s3.43	시우		속마음	그 이틀 동안 내 체육복은 남자\n화장실 세면대 물에 잠겨 있었다.	0		
5.s3.44	시우		속마음	체육 시간엔 교복 차림으로 운동장을 뛰었고, 체육\n선생님은 나를 "야, 거기 교복"이라고 불렀다.	0		
5.s3.45	시우		속마음	이름이 또 하나 늘었다.	0		
5.s3.46	시우		속마음	강태오는 금메달을 걸고 돌아왔다.	0		
5.s3.47	시우		속마음	담임이 조회 시간에 박수를 시켰다.	0		
5.s3.48	시우		속마음	나도 쳤다.	0		
5.s3.49	시우		속마음	두 번.	0		
5.s3.50	시우		속마음	소리 안 나게.	0		
5.s4.01	시우		속마음	반시우 시간표.	0		
5.s4.02	시우		속마음	2026년 4월.	0		
5.s4.03	시우		속마음	학교 시간표 말고, 진짜 시간표.	0		
5.s4.04	시우		속마음	- 05:30 새벽 배달 — 어이, 국밥, 자전거	0		
5.s4.05	시우		속마음	- 08:20 학교 — 행인1	0		
5.s4.06	시우		속마음	- 17:00 국밥집 서빙·설거지 — 시우야	0		
5.s4.07	시우		속마음	- 22:10 하루편의점 입고 — 3반	0		
5.s4.08	시우		속마음	- 07:00~15:00 현장 — 정호 아들.	0		
5.s4.09	시우		속마음	반장님이 금요일 밤마다 문자를 보낸다.	0		
5.s4.10	시우		속마음	'내일 7시.' 비 예보가 있으면 '내일 없음.'\n반장님 문자는 반장님 말이랑 길이가 같다.	0		
5.s4.11	시우		속마음	- 13:00~18:00 하루편의점, 정식 — 3반	0		
5.s4.12	시우		속마음	- 남는 데서.	0		
5.s4.13	시우		속마음	주로 점심시간, 교실.	0		
5.s4.14	시우		속마음	본명이 나오는 칸은 엄마 칸 하나다.	0		
5.s4.15	시우		속마음	엄마는 가족이라 반칙이다.	0		
5.s4.16	시우		속마음	일요일 칸은 3월 말에 생겼다.	0		
5.s4.17	시우		속마음	입고를 끝내고 나가려는데, 최사장님이\n계산대 밑에서 종이 한 장을 꺼냈다.	0		
5.s4.18	최사장		자막	일요일 낮에 나와라. 다섯 시간. 돈 받고.	0		
5.s4.19	최사장		자막	…입고 하잖아요.	0		
5.s4.20	최사장		자막	그건 니가 그냥 하는 거고. 이건\n일이다. 계약서 쓰고, 시급 제대로.	0		
5.s4.21	시우		속마음	맨 위에 '근로계약서'.	0		
5.s4.22	시우		속마음	시급 10,320원.	0		
5.s4.23	시우		속마음	휴게 시간, 업무 내용, 친권자 동의서 첨부.	0		
5.s4.24	?		자막	동의서 있다며. 곽춘식이가 받았다던데.	0		
5.s4.25	시우		속마음	이 동네 어른들은 서로 다 안다.	0		
5.s4.26	시우		속마음	무섭다.	0		
5.s4.27	?		자막	그리고 입고는 그만해라. 삼각김밥은 그냥 줄 테니까.	0		
5.s4.28	?		자막	그냥은 안 받아요.	0		
5.s4.29	시우		속마음	사장님이 돋보기 너머로 한참 나를 봤다.	0		
5.s4.30	?		자막	…그럼 하던 대로 해라. 고집은 지 아버지네.	0		
5.s4.31	시우		속마음	계약서 맨 아래 근로자 서명란에 이름을 썼다.	0		
5.s4.32	시우		속마음	칸은 컸다.	0		
5.s4.33	시우		속마음	이름은 작게 들어갔다.	0		
5.s4.34	시우		속마음	내 손은 아직 내 이름을 크게 쓸 줄 모른다.	0		
5.s4.35	시우		속마음	계산대 너머에서 나리가 노트에서 고개도 안 들고 말했다.	0		
5.s4.36	나리		자막	3반 이제 동료네.	0		
5.s4.37	나리		자막	동료는 이름 불러?	0		
5.s4.38	나리		자막	아니. 3반.	0		
5.s4.39	시우		속마음	토요일 일당 봉투는 매번 관리비 고지서 밑으로\n갔고, 다음 날 국엔 매번 고기가 많았다.	0		
5.s4.40	시우		속마음	우리 집 고기는 노가다랑 연동돼 있다.	0		
5.s5.01	시우		속마음	4월 첫 주, 성곽에 벚꽃이 폈다.	0		
5.s5.02	시우		속마음	새벽 오르막이 분홍색이 됐다.	0		
5.s5.03	시우		속마음	예쁘다.	0		
5.s5.04	시우		속마음	그리고 배달에 방해가 된다.	0		
5.s5.05	시우		속마음	꽃잎은 배달통 틈으로 들어온다.	0		
5.s5.06	?		자막	어이.	0		
5.s5.07	시우		속마음	꼭대기 집 할아버지가 그릇 뚜껑을 열고 들여다봤다.	0		
5.s5.08	시우		속마음	국 위에 꽃잎 두 장이 떠 있었다.	0		
5.s5.09	할아버지		자막	…죄송합니다.	0		
5.s5.10	할아버지		자막	서비스냐.	0		
5.s5.11	할아버지		자막	…네.	0		
5.s5.12	할아버지		자막	됐다.	0		
5.s5.13	시우		속마음	할아버지는 꽃잎째 국을 들고 들어갔다.	0		
5.s5.14	시우		속마음	육백 년 된 돌담 밑에 사는 사람은\n꽃잎 두 장에 안 흔들린다.	0		
5.s5.15	시우		속마음	그 주에 덩치가 또 입을 벌렸다.	0		
5.s5.16	시우		속마음	꽃잎이 눈처럼 날리는 오르막 꼭대기 직전에서.	0		
5.s5.17	시우		속마음	그리고 기침을 했다.	0		
5.s5.18	시우		속마음	꽤 오래.	0		
5.s5.19	시우		속마음	뭐가 들어간 모양이었다.	0		
5.s5.20	시우		속마음	주인공도 사레는 들린다.	0		
5.s5.21	시우		속마음	그 주 금요일 밤, 하루편의점.	0		
5.s5.22	시우		속마음	나리가 노트에서 고개도 안 들고 말했다.	0		
5.s5.23	나리		자막	강태오 오늘 성곽 계단에서 고백받았대.	0		
5.s5.24	나리		자막	…그게 벌써 7반까지 갔어?	0		
5.s5.25	나리		자막	전교에 다 갔어. 거절했대. 근데 웃긴 게, 상대\n이름을 몰랐대. 1학년 때 같은 반이었는데.	0		
5.s5.26	시우		속마음	이름을 몰랐대.	0		
5.s5.27	시우		속마음	그 말이 이상하게 오래 남았다.	0		
5.s5.28	시우		속마음	주인공도 모르는 이름이 있다.	0		
5.s5.29	시우		속마음	잠깐 위로가 됐다가, 금방 아니게 됐다.	0		
5.s5.30	시우		속마음	걔는 아는 사람이 너무 많아서 모르는 거고,\n나는 아는 사람이 없어서 안 불리는 거다.	0		
5.s5.31	시우		속마음	같은 답, 다른 풀이.	0		
5.s5.32	시우		속마음	수학이었으면 부분 점수도 없다.	0		
5.s5.33	시우		속마음	4월 넷째 주는 중간고사였다.	0		
5.s5.34	시우		속마음	새벽 배달은 시험을 모른다.	0		
5.s5.35	시우		속마음	국은 시험 기간에도 식는다.	0		
5.s5.36	시우		속마음	영어 단어장을 배달통 뚜껑 안쪽에 테이프로 붙였다.	0		
5.s5.37	시우		속마음	신호 기다릴 때 하나, 대문 앞에서 그릇 기다릴 때 하나.	0		
5.s5.38	시우		속마음	가채점을 해 보니 딱 중간이었다.	0		
5.s5.39	시우		속마음	줄을 세우면 가운데에 묻히는 자리.	0		
5.s5.40	시우		속마음	성적도 행인이다.	0		
5.s6.01	시우		속마음	하늘이는 밤마다 소원 목록을 고쳤다.	0		
5.s6.02	시우		속마음	자기 전에 식탁에서 '매니저 회의'가 열린다.	0		
5.s6.03	시우		속마음	안건은 늘 하나다.	0		
5.s6.04	시우		속마음	〈반하늘 11세 소원 (4월 28일 수정본)〉	0		
5.s6.05	시우		속마음	1.	0		
5.s6.06	시우		속마음	(비밀)	0		
5.s6.07	시우		속마음	2.	0		
5.s6.08	시우		속마음	오빠 살 좀 찌게 해 주세요 (+3kg)	0		
5.s6.09	시우		속마음	3.	0		
5.s6.10	시우		속마음	엄마 손목에 파스 안 붙이게 해 주세요	0		
5.s6.11	시우		속마음	4.	0		
5.s6.12	시우		속마음	~~사장 할머니 귀 잘 들리게 해 주세요~~ (취소)	0		
5.s6.13	시우		속마음	5.	0		
5.s6.14	시우		속마음	성벽 치즈 고양이한테 이름 생기게 해 주세요	0		
5.s6.15	시우		속마음	6.	0		
5.s6.16	시우		속마음	학원 같은 거 안 다녀도 될 만큼 수학 잘하게 해 주세요	0		
5.s6.17	시우		속마음	7.	0		
5.s6.18	시우		속마음	오빠 지각 안 하게 해 주세요	0		
5.s6.19	시우		속마음	8.	0		
5.s6.20	시우		속마음	내년엔 3호	0		
5.s6.21	시우		속마음	9.	0		
5.s6.22	시우		속마음	오빠 싸인 덜 없어 보이게 해 주세요	0		
5.s6.23	시우		속마음	10.	0		
5.s6.24	시우		속마음	엄마랑 오빠랑 셋이 하루 종일 놀기 (하루만)	0		
5.s6.25	시우		속마음	11.	0		
5.s6.26	시우		속마음	1번부터 10번까지 다 되게 해 주세요 (보험)	0		
5.s6.27	?		자막	4번은 왜 취소야.	0		
5.s6.28	?		자막	할머니 귀가 잘 들리면 오빠 생일 노래가\n다 들리잖아. 할머니 연세에 그건 위험해.	0		
5.s6.29	?		자막	…11번은 반칙 아니냐.	0		
5.s6.30	?		자막	보험이야. 유능한 매니저는 리스크를 관리해.	0		
5.s6.31	시우		속마음	3번은 한 번도 안 바뀌었다.	0		
5.s6.32	시우		속마음	엄마 손목엔 매일 파스가 있으니까.	0		
5.s6.33	시우		속마음	1번 위엔 하트 스티커가 붙어 있었다.	0		
5.s6.34	시우		속마음	목록은 매일 바뀌는데 1번은 안 바뀌었다.	0		
5.s6.35	시우		속마음	스티커만 새것으로 바뀌었다.	0		
5.s6.36	시우		속마음	스티커 밑이 안 궁금하다면 거짓말이다.	0		
5.s6.37	시우		속마음	그래도 안 봤다.	0		
5.s6.38	시우		속마음	남의 1번은 안 보는 거다.	0		
5.s6.39	시우		속마음	우리 집 규칙은 아니고, 내 규칙이다.	0		
5.s7.01	시우		속마음	일요일 밤마다 봉투를 꺼내 5천 원을 넣었다.	0		
5.s7.02	시우		속마음	배달비는 거의 천 원짜리로 들어오니까,\n대개는 천 원짜리 다섯 장이었다.	0		
5.s7.03	시우		속마음	3월엔 손가락 두 개로 집히던 봉투가,\n4월 말엔 손바닥으로 쥐어야 했다.	0		
5.s7.04	시우		속마음	봉투가 이렇게 두꺼워진 건 금액 때문이 아니다.	0		
5.s7.05	시우		속마음	잘게 들어와서다.	0		
5.s7.06	시우		속마음	4월 26일, 일요일 밤.	0		
5.s7.07	시우		속마음	여덟 번째 5천 원을 넣었다.	0		
5.s7.08	시우		속마음	4만 원.	0		
5.s7.09	시우		속마음	29일 쉬는 시간, 복도 끝 창가에서\n로터리 빵집에 전화를 걸었다.	0		
5.s7.10	?		자막	레터링 문구는요?	0		
5.s7.11	?		자막	'반하늘 님 생일 축하드립니다'요.	0		
5.s7.12	?		자막	…님이요? 아이 생일 아니에요?	0		
5.s7.13	?		자막	요구사항이라서요.	0		
5.s7.14	?		자막	초는 숫자 초 무료로 드려요.	0		
5.s7.15	?		자막	긴 초 열한 개요. 숫자 초는 금지라.	0		
5.s7.16	?		자막	…네에. 예약자분 성함이요.	0		
5.s7.17	시우		속마음	반, 까지 말하고 멈췄다.	0		
5.s7.18	시우		속마음	전화로 내 이름을 대면 꼭 두 번 말해야 한다.	0		
5.s7.19	시우		속마음	반시후요?	0		
5.s7.20	시우		속마음	아니요, 시우요.	0		
5.s7.21	?		자막	…반하늘이요.	0		
5.s7.22	?		자막	반하늘 님. 5월 1일 금요일 다섯 시 픽업이요.	0		
5.s7.23	시우		속마음	한 번에 알아들었다.	0		
5.s7.24	시우		속마음	하늘이 이름은 한 번에 들린다.	0		
5.s7.25	시우		속마음	4월 30일, 목요일 밤.	0		
5.s7.26	시우		속마음	열한 살 되기 하루 전.	0		
5.s7.27	시우		속마음	편의점 입고를 끝내고 들어와, 하늘이가\n잠든 걸 확인하고 식탁에 봉투를 쏟았다.	0		
5.s7.28	시우		속마음	천 원짜리 서른 장, 오천 원짜리 두 장.	0		
5.s7.29	시우		속마음	두 달 동안 한 장씩 넣은 돈이라, 한 장씩 셌다.	0		
5.s7.30	시우		속마음	큰방 문이 열렸다.	0		
5.s7.31	시우		속마음	물 마시러 나온 엄마였다.	0		
5.s7.32	시우		속마음	엄마는 식탁 위 지폐 더미를 보고 물었다.	0		
5.s7.33	시우		속마음	엄마는 돈에 대해서만은 묻는다.	0		
5.s7.34	엄마		자막	얼마.	0		
5.s7.35	엄마		자막	사만.	0		
5.s7.36	엄마		자막	케이크 얼마.	0		
5.s7.37	엄마		자막	삼만 팔천. 초 이천.	0		
5.s7.38	엄마		자막	…딱이네.	0		
5.s7.39	엄마		자막	응. 딱이야.	0		
5.s7.40	시우		속마음	엄마가 봉투를 집어 손바닥에 올렸다.	0		
5.s7.41	시우		속마음	무게를 재는 것처럼.	0		
5.s7.42	엄마		자막	무거워.	0		
5.s7.43	엄마		자막	천 원짜리라서.	0		
5.s7.44	엄마		자막	아니.	0		
5.s7.45	시우		속마음	엄마는 봉투를 내려놓고 내 머리를 한 번 쓸었다.	0		
5.s7.46	시우		속마음	그리고 물도 안 마시고 방으로 들어갔다.	0		
5.s7.47	시우		속마음	설명은 없었다.	0		
5.s7.48	시우		속마음	엄마 한국어는 문장이 짧다.	0		
5.s7.49	시우		속마음	대신 정확하다.	0		
5.s7.50	시우		속마음	**[4월 30일 밤]** 하늘\n케이크 봉투 40,000원.	0		
5.s7.51	시우		속마음	지갑 3,400원.	0		
5.s7.52	시우		속마음	남는 돈 0원.	0		
5.s7.53	시우		속마음	딱 맞는다.	0		
5.s7.54	시우		속마음	우리 집 계산은 원래 딱 맞아야 한다.	0		
5.s8.01	시우		속마음	5월 1일, 금요일.	0		
5.s8.02	시우		속마음	오후 다섯 시 사십 분.	0		
5.s8.03	시우		속마음	후문 뒷골목 주차장.	0		
5.s8.04	시우		속마음	자전거를 늘 세우는 자리, 국밥집 뒷벽 배관 옆에 세웠다.	0		
5.s8.05	시우		속마음	배달통에서 상자를 두 손으로 꺼냈다.	0		
5.s8.06	시우		속마음	2호.	0		
5.s8.07	시우		속마음	초코 생크림.	0		
5.s8.08	시우		속마음	뚜껑 비닐 창으로 하얀 글씨가 보였다.	0		
5.s8.09	시우		속마음	뒷문까지는 벽을 따라 스무 걸음.	0		
5.s8.10	시우		속마음	앞문으로 들고 들어가면 사장 할머니가\n"아이고, 케이크!" 하고 소리칠 거다.	0		
5.s8.11	시우		속마음	할머니는 귀가 어두워서 목소리가 크다.	0		
5.s8.12	시우		속마음	하늘이는 여덟 시 반에 온다.	0		
5.s8.13	시우		속마음	그 전에 할머니 입에 오르면 성곽 너머까지 다 들린다.	0		
5.s8.14	시우		속마음	해는 아직 있는데 주차장은 벌써 그늘이었다.	0		
5.s8.15	시우		속마음	상가 건물 그림자 속에서 자판기만 혼자 밝았다.	0		
5.s8.16	시우		속마음	스무 걸음 한가운데 그 자판기가 있었다.	0		
5.s8.17	시우		속마음	그 불빛 아래, 그림자가 셋.	0		
5.s8.18	?		자막	어, 행인1.	0		
5.s8.19	시우		속마음	임찬이었다.	0		
5.s8.20	시우		속마음	휴대폰부터 들었다.	0		
5.s8.21	시우		속마음	민재가 자판기에 기댄 채 고개를 기울였다.	0		
5.s8.22	시우		속마음	공들여 세운 앞머리.	0		
5.s8.23	민재		자막	그거 뭐냐?	0		
5.s8.24	시우		속마음	대답 대신 걸었다.	0		
5.s8.25	시우		속마음	열여섯.	0		
5.s8.26	시우		속마음	열다섯.	0		
5.s8.27	시우		속마음	건우가 앞을 막았다.	0		
5.s8.28	시우		속마음	껌을 씹으면서.	0		
5.s8.29	시우		속마음	커다란 손이 상자를 쥐었다.	0		
5.s8.30	시우		속마음	뺏는다기보다 그냥 가져갔다.	0		
5.s8.31	시우		속마음	냉장고 문 열듯이.	0		
5.s8.32	시우		속마음	상자가 민재 손으로 넘어갔다.	0		
5.s8.33	시우		속마음	민재가 비닐 창을 들여다봤다.	0		
5.s8.34	민재		자막	와, 2호. '반하늘 님'? 여친 이름이 반하늘이야?\n성까지 니 성이네? 벌써 혼인 신고 했냐?	0		
5.s8.35	시우		속마음	임찬이 웃었다.	0		
5.s8.36	시우		속마음	건우는 껌을 씹었다.	0		
5.s8.37	시우		속마음	입이 열렸다.	0		
5.s8.38	시우		속마음	내 입이.	0		
5.s8.39	?		자막	…내놔.	0		
5.s8.40	시우		속마음	작지 않았다.	0		
5.s8.41	시우		속마음	개학날 뒷문에서 '네' 하던 목소리도, 분리수거장에서\n'떨어뜨렸어요' 하던 목소리도 아니었다.	0		
5.s8.42	시우		속마음	처음 듣는 크기였다.	0		
5.s8.43	시우		속마음	나도 처음 들었다.	0		
5.s8.44	시우		속마음	민재가 웃음을 멈췄다.	0		
5.s8.45	시우		속마음	그리고 다시 웃었다.	0		
5.s8.46	시우		속마음	이번엔 다른 웃음이었다.	0		
5.s8.47	민재		자막	오, 행인1이 말을 하네?	0		
5.s8.48	시우		속마음	민재가 상자를 든 팔을 옆으로 쭉 뻗었다.	0		
5.s8.49	시우		속마음	콘크리트 바닥 위로.	0		
5.s8.50	시우		속마음	그리고 상자를 받친 손가락을 하나씩, 천천히 폈다.	0		
